query_id,AP_vector,AP_bm25,AP_diff (bm25 - vector),abs_diff
81,0.26666666666666666,1.0,0.7333333333333334,0.7333333333333334
178,0.6421568627450981,0.16741926655719758,-0.4747375961879005,0.4747375961879005
154,0.5833333333333333,1.0,0.41666666666666674,0.41666666666666674
173,0.5833333333333333,1.0,0.41666666666666674,0.41666666666666674
145,0.5911110556401488,0.17714205768901034,-0.4139689979511384,0.4139689979511384
167,0.11688311688311688,0.5,0.38311688311688313,0.38311688311688313
118,0.14544513457556937,0.5131578947368421,0.36771276016127274,0.36771276016127274
77,0.6240740740740741,0.2886679292929293,-0.33540614478114483,0.33540614478114483
36,0.18229166666666666,0.5163934426229508,0.3341017759562842,0.3341017759562842
144,0.7338235294117647,0.4135327635327635,-0.3202907658790011,0.3202907658790011
15,0.7,1.0,0.30000000000000004,0.30000000000000004
191,0.6502414777807727,0.36569279698031887,-0.2845486808004538,0.2845486808004538
146,0.8333333333333333,0.5833333333333333,-0.25,0.25
143,0.45,0.7,0.24999999999999994,0.24999999999999994
85,0.019265129909148797,0.2648519189204977,0.2455867890113489,0.2455867890113489
106,0.2119832548403977,0.4516410337719994,0.23965777893160167,0.23965777893160167
148,0.39832251082251086,0.1874655795547764,-0.21085693126773444,0.21085693126773444
136,0.20292682926829272,0.4123931623931623,0.2094663331248696,0.2094663331248696
170,0.5409703612576041,0.35808720112517584,-0.18288316013242828,0.18288316013242828
25,0.5253094434991991,0.7062931881383289,0.1809837446391298,0.1809837446391298
60,0.4547342995169082,0.27415584415584415,-0.18057845536106404,0.18057845536106404
5,0.14974323062558356,0.32756410256410257,0.177820871938519,0.177820871938519
78,0.5074074074074074,0.6805555555555555,0.17314814814814805,0.17314814814814805
113,0.34698417930125247,0.17406507054529605,-0.17291910875595642,0.17291910875595642
18,0.18573842546445285,0.3559328015811392,0.17019437611668636,0.17019437611668636
130,0.603030303030303,0.43787878787878787,-0.16515151515151516,0.16515151515151516
192,0.4256410256410257,0.5904761904761905,0.1648351648351648,0.1648351648351648
208,0.20635133809992792,0.36971916971916974,0.16336783161924182,0.16336783161924182
179,0.14499610130349153,0.3049756842371394,0.15997958293364786,0.15997958293364786
14,0.225,0.07118055555555555,-0.15381944444444445,0.15381944444444445
64,0.375,0.525,0.15000000000000002,0.15000000000000002
172,0.6220238095238095,0.7708333333333333,0.14880952380952372,0.14880952380952372
169,0.14606522509748315,0.2907508234187,0.14468559832121686,0.14468559832121686
43,0.6685185185185185,0.5268566059263733,-0.14166191259214522,0.14166191259214522
84,0.23453799542220732,0.3740065415337948,0.1394685461115875,0.1394685461115875
110,0.28795574580458305,0.1497225684532186,-0.13823317735136445,0.13823317735136445
206,0.14450458931513296,0.28004022121669175,0.1355356319015588,0.1355356319015588
132,0.6049511950374019,0.7402731712731713,0.13532197623576936,0.13532197623576936
190,0.2898934398934399,0.42363636363636364,0.13374292374292374,0.13374292374292374
92,0.6228511823583835,0.4921269292840202,-0.13072425307436336,0.13072425307436336
21,0.1790160642570281,0.054049304209766336,-0.12496676004726176,0.12496676004726176
24,0.47301587301587295,0.3522012578616352,-0.12081461515423775,0.12081461515423775
7,0.14064762678740736,0.25713481340614364,0.11648718661873628,0.11648718661873628
168,0.23333333333333334,0.11904761904761904,-0.1142857142857143,0.1142857142857143
91,0.2462961453971972,0.36024973688529427,0.11395359148809706,0.11395359148809706
65,0.35637660770504553,0.24256121681885787,-0.11381539088618767,0.11381539088618767
187,0.19233330989636202,0.3056623801514285,0.11332907025506647,0.11332907025506647
88,0.7329365079365079,0.6218253968253968,-0.11111111111111105,0.11111111111111105
67,0.6153550788755917,0.5058738521479944,-0.1094812267275973,0.1094812267275973
193,0.7221290707206199,0.831530760452329,0.10940168973170905,0.10940168973170905
101,0.7291666666666665,0.6208333333333333,-0.10833333333333317,0.10833333333333317
133,0.14557042659774133,0.2519047619047619,0.10633433530702058,0.10633433530702058
180,0.3754744002864303,0.47765772975856996,0.10218332947213965,0.10218332947213965
209,0.23640530267445878,0.1417806603112093,-0.09462464236324947,0.09462464236324947
222,0.6834431502693065,0.7771475012854325,0.09370435101612606,0.09370435101612606
164,0.36891677121328287,0.2761034454238197,-0.09281332578946316,0.09281332578946316
200,0.3244047619047619,0.4166666666666667,0.09226190476190477,0.09226190476190477
97,0.11266488287015655,0.20459484520636204,0.09192996233620548,0.09192996233620548
162,0.17610405299309254,0.26562264328808444,0.0895185902949919,0.0895185902949919
161,0.4467237941875622,0.5348068247653095,0.0880830305777473,0.0880830305777473
160,0.03593974802603205,0.12025597215350536,0.0843162241274733,0.0843162241274733
165,0.41666666666666663,0.5,0.08333333333333337,0.08333333333333337
182,0.41666666666666663,0.5,0.08333333333333337,0.08333333333333337
86,0.6666666666666666,0.5833333333333333,-0.08333333333333337,0.08333333333333337
155,0.3230542914531125,0.24193361714486664,-0.08112067430824585,0.08112067430824585
49,0.13949275362318841,0.06397306397306397,-0.07551968965012444,0.07551968965012444
205,0.625,0.7,0.07499999999999996,0.07499999999999996
122,0.2143225151425365,0.2869507947053016,0.0726282795627651,0.0726282795627651
174,0.16351946556366084,0.0912870503654337,-0.07223241519822714,0.07223241519822714
72,0.07927786852710088,0.1510900224877929,0.07181215396069203,0.07181215396069203
197,0.8095238095238094,0.7380952380952381,-0.07142857142857129,0.07142857142857129
204,0.11471274937360079,0.04340293943213748,-0.07130980994146331,0.07130980994146331
6,0.2459033613445378,0.17472527472527472,-0.07117808661926309,0.07117808661926309
186,0.14404424988166142,0.07346005867774474,-0.07058419120391668,0.07058419120391668
141,0.21937431581828135,0.28956807081807084,0.0701937549997895,0.0701937549997895
219,0.1087463981317145,0.039052806998075645,-0.06969359113363885,0.06969359113363885
198,0.4446078431372549,0.5140267749699158,0.0694189318326609,0.0694189318326609
59,0.22479946524064173,0.1570701713028446,-0.06772929393779714,0.06772929393779714
202,0.272540415245215,0.20496268061980266,-0.06757773462541233,0.06757773462541233
61,0.6214799588900307,0.5540563866513234,-0.06742357223870732,0.06742357223870732
96,0.2904765458232731,0.35761109659690465,0.06713455077363156,0.06713455077363156
214,0.10516236165677176,0.040661421911421906,-0.06450093974534984,0.06450093974534984
218,0.19844660165159678,0.26199823009892503,0.06355162844732826,0.06355162844732826
183,0.6213990506854729,0.5604029646893868,-0.06099608599608608,0.06099608599608608
55,0.24676954091796052,0.3075562117094375,0.060786670791476954,0.060786670791476954
119,0.08333333333333333,0.14285714285714285,0.05952380952380952,0.05952380952380952
66,0.1487962962962963,0.0893631749516007,-0.05943312134469558,0.05943312134469558
224,0.12336960987550219,0.18224723276987853,0.05887762289437634,0.05887762289437634
95,0.5144927536231884,0.5714285714285714,0.05693581780538304,0.05693581780538304
39,0.18421877235937098,0.12836119166483734,-0.05585758069453364,0.05585758069453364
37,0.13257515874340092,0.07803499326763198,-0.05454016547576894,0.05454016547576894
121,0.5633640552995391,0.5098221670802315,-0.05354188821930761,0.05354188821930761
115,0.013946060374191289,0.06718340684516469,0.053237346470973404,0.053237346470973404
184,0.16420911815503317,0.11123214581725929,-0.052976972337773875,0.052976972337773875
134,0.21929824561403508,0.2722222222222222,0.05292397660818712,0.05292397660818712
75,0.0774860683371335,0.025097777639912472,-0.052388290697221035,0.052388290697221035
104,0.04718279969481639,0.09924195369847542,0.052059154003659035,0.052059154003659035
48,0.09160742811385898,0.14263413904328523,0.05102671092942625,0.05102671092942625
149,0.350222893369446,0.40037719452993925,0.05015430116049324,0.05015430116049324
54,0.08239987207455482,0.13226290322983264,0.04986303115527782,0.04986303115527782
112,0.27941176470588236,0.3269230769230769,0.04751131221719457,0.04751131221719457
52,0.8875,0.8409090909090909,-0.046590909090909016,0.046590909090909016
99,0.2835270322332092,0.23773948644566342,-0.045787545787545764,0.045787545787545764
210,0.3895281239031239,0.34493855489396336,-0.04458956900916056,0.04458956900916056
163,0.22610062893081762,0.27008547008547007,0.043984841154652454,0.043984841154652454
40,0.08086128359811476,0.12260568776704356,0.0417444041689288,0.0417444041689288
41,0.8333333333333334,0.7916666666666666,-0.04166666666666674,0.04166666666666674
70,0.057131438252646216,0.09852344936827494,0.04139201111562872,0.04139201111562872
73,0.32309297379694846,0.362849857276633,0.039756883479684535,0.039756883479684535
90,0.09690079301784785,0.05724916423369983,-0.03965162878414802,0.03965162878414802
157,0.2342214003683221,0.19489164757302138,-0.03932975279530071,0.03932975279530071
217,0.13923831875507556,0.17740232043332585,0.03816400167825029,0.03816400167825029
129,0.31461099318242164,0.3524111890192234,0.037800195836801775,0.037800195836801775
201,0.2769813704647564,0.3144117259301397,0.037430355465383314,0.037430355465383314
158,0.22564017217860038,0.18841150351610822,-0.037228668662492165,0.037228668662492165
80,0.053819808566798875,0.017347628043816215,-0.036472180522982664,0.036472180522982664
220,0.1692101139786382,0.20540720099123239,0.03619708701259419,0.03619708701259419
137,0.23829365079365078,0.20246175393234217,-0.03583189686130861,0.03583189686130861
1,0.22179184681438693,0.1861668996958119,-0.03562494711857503,0.03562494711857503
150,0.41666666666666663,0.45,0.03333333333333338,0.03333333333333338
140,0.13960352011765462,0.17273994846270602,0.0331364283450514,0.0331364283450514
94,0.4920954298494909,0.45906222985458106,-0.033033199994909834,0.033033199994909834
53,0.2309338724206039,0.2632218931569249,0.032288020736321005,0.032288020736321005
46,0.2677534708969544,0.29989054047399916,0.03213706957704476,0.03213706957704476
8,0.21249745561365552,0.18153497427506393,-0.030962481338591585,0.030962481338591585
12,0.10210589880498347,0.13306724534346018,0.03096134653847671,0.03096134653847671
221,0.20311383683035647,0.23298616873716751,0.029872331906811045,0.029872331906811045
138,0.10250000000000001,0.13225806451612904,0.02975806451612903,0.02975806451612903
57,0.08850162686392635,0.05986266757783072,-0.028638959286095625,0.028638959286095625
33,0.3277777777777778,0.29914529914529914,-0.028632478632478642,0.028632478632478642
34,0.28719336219336217,0.26023246905599845,-0.026960893137363717,0.026960893137363717
50,0.07600078574743598,0.10230808832266051,0.02630730257522454,0.02630730257522454
107,0.2644332519332519,0.2906065609267579,0.026173308993506006,0.026173308993506006
20,0.49457549457549455,0.5198762608615858,0.025300766286091236,0.025300766286091236
203,0.09723840104600702,0.12223451350841334,0.024996112462406322,0.024996112462406322
166,0.023776622959833096,0.048771377203992744,0.02499475424415965,0.02499475424415965
189,0.07024122627965086,0.0948757349912154,0.024634508711564543,0.024634508711564543
212,0.4673204749870759,0.491812455616799,0.024491980629723076,0.024491980629723076
76,0.34998468845328107,0.37363888501458675,0.023654196561305685,0.023654196561305685
58,0.10826176056603581,0.08509407448786255,-0.023167686078173266,0.023167686078173266
26,0.21581578144078142,0.23838229001272473,0.02256650857194331,0.02256650857194331
62,0.056478537080025294,0.033946901200947635,-0.02253163587907766,0.02253163587907766
177,0.7476190476190475,0.7251948051948053,-0.022424242424242236,0.022424242424242236
4,0.55,0.5285714285714286,-0.021428571428571463,0.021428571428571463
63,0.041308243727598566,0.06249335459861775,0.02118511087101918,0.02118511087101918
108,0.7428880643166356,0.7640288283145426,0.021140763997906986,0.021140763997906986
213,0.5655586188029814,0.5863342030169472,0.020775584213965748,0.020775584213965748
105,0.424003554201574,0.44466666666666665,0.02066311246509267,0.02066311246509267
159,0.10212573262552897,0.08197125746259222,-0.020154475162936752,0.020154475162936752
156,0.5450722158925748,0.5650111864086073,0.01993897051603244,0.01993897051603244
11,0.16078443956198832,0.18044469574155858,0.019660256179570262,0.019660256179570262
45,0.1617411102119969,0.18072961452670164,0.018988504314704724,0.018988504314704724
126,0.20742851221226916,0.22462714487434227,0.01719863266207311,0.01719863266207311
100,0.213964982176189,0.23101600761119942,0.017051025435010414,0.017051025435010414
27,0.06246318418510402,0.07949780827139317,0.017034624086289155,0.017034624086289155
142,0.06666666666666667,0.08333333333333333,0.016666666666666663,0.016666666666666663
89,0.16924474101893458,0.18453441982853747,0.015289678809602886,0.015289678809602886
79,0.069885138857778,0.05463409778627169,-0.015251041071506308,0.015251041071506308
10,0.2571654743822451,0.2721368425418948,0.014971368159649723,0.014971368159649723
181,0.2550961698872491,0.2699413110868304,0.014845141199581302,0.014845141199581302
82,0.36971618836213727,0.35519619269619274,-0.01451999566594453,0.01451999566594453
98,0.021686944891755027,0.03596007719549132,0.01427313230373629,0.01427313230373629
199,0.040365335874014516,0.05450264631878113,0.014137310444766613,0.014137310444766613
176,0.07282516500139775,0.08613207013318001,0.01330690513178226,0.01330690513178226
114,0.08164498824221046,0.06875545098469482,-0.01288953725751564,0.01288953725751564
47,0.3126482167856091,0.3252477150370238,0.01259949825141471,0.01259949825141471
102,0.39447601010101013,0.38189655172413794,-0.012579458376872188,0.012579458376872188
215,0.041050903119868636,0.05357142857142857,0.012520525451559933,0.012520525451559933
117,0.06458333333333333,0.05235042735042735,-0.012232905982905974,0.012232905982905974
135,0.6249271561771561,0.6366013071895426,0.011674151012386447,0.011674151012386447
69,0.07021707151436306,0.05855764070105305,-0.011659430813310008,0.011659430813310008
16,0.21012759170653908,0.19877450980392156,-0.011353081902617523,0.011353081902617523
171,0.48120300751879697,0.46990740740740744,-0.011295600111389525,0.011295600111389525
194,0.1767551892551892,0.16557381878166608,-0.011181370473523133,0.011181370473523133
51,0.6305228665723714,0.6195666548063807,-0.010956211765990709,0.010956211765990709
42,0.20780397022332506,0.1969967416760004,-0.01080722854732466,0.01080722854732466
32,0.024143336171880945,0.013565471463621482,-0.010577864708259463,0.010577864708259463
116,0.04959843200326276,0.039698916097264454,-0.009899515905998309,0.009899515905998309
74,0.13166008374341706,0.1218639073199696,-0.009796176423447461,0.009796176423447461
211,0.13412298134753364,0.1251462745783044,-0.008976706769229237,0.008976706769229237
207,0.01734082761198979,0.008475102914539888,-0.0088657246974499,0.0088657246974499
131,0.25786661255411253,0.266539124825696,0.008672512271583499,0.008672512271583499
223,0.46758703481392555,0.4595238095238095,-0.00806322529011605,0.00806322529011605
23,0.2253750223024432,0.2173129031171377,-0.0080621191853055,0.0080621191853055
38,0.04462347719839579,0.052507141782873815,0.007883664584478027,0.007883664584478027
109,0.03018983487410898,0.03762288755623676,0.00743305268212778,0.00743305268212778
68,0.12398553002782804,0.130573960180349,0.00658843015252096,0.00658843015252096
151,0.02720652507667266,0.0335415293667093,0.006335004290036642,0.006335004290036642
147,0.26811545680857546,0.2743129743727235,0.006197517564148047,0.006197517564148047
103,0.00472307169554876,0.010823289560472507,0.006100217864923747,0.006100217864923747
195,0.03544882049554947,0.04136904761904762,0.005920227123498149,0.005920227123498149
120,0.4281206447873115,0.4223434744268077,-0.005777170360503792,0.005777170360503792
196,0.18205654610925814,0.1869171260227387,0.004860579913480545,0.004860579913480545
123,0.09698275862068965,0.09215686274509804,-0.00482589587559161,0.00482589587559161
185,0.8250017955900308,0.8296957671957671,0.004693971605736258,0.004693971605736258
188,0.3966283323549202,0.39250708897470665,-0.004121243380213524,0.004121243380213524
30,0.05010126813195868,0.04628790727234302,-0.003813360859615658,0.003813360859615658
128,0.02888198757763975,0.02560013429578647,-0.0032818532818532815,0.0032818532818532815
152,0.009486474687982272,0.006409482727361699,-0.003076991960620573,0.003076991960620573
225,0.04367778278804199,0.04065347718415568,-0.003024305603886314,0.003024305603886314
87,0.016277266910522434,0.013318126502766214,-0.00295914040775622,0.00295914040775622
35,0.02921228719676359,0.02641116674858432,-0.002801120448179272,0.002801120448179272
29,0.36695870083405124,0.3696904411521811,0.0027317403181298383,0.0027317403181298383
153,0.013891595711971254,0.016541355111968015,0.002649759399996761,0.002649759399996761
71,0.039836305439031335,0.04243328458764347,0.0025969791486121357,0.0025969791486121357
127,0.11856889564336373,0.12103872701728668,0.002469831373922954,0.002469831373922954
139,0.0066191837701674045,0.009061009694193843,0.0024418259240264386,0.0024418259240264386
28,0.006909472779779947,0.005163203230836081,-0.001746269548943866,0.001746269548943866
3,0.6597222222222223,0.6580007002801121,-0.0017215219421101713,0.0017215219421101713
83,0.01268040957967169,0.011037659660841578,-0.0016427499188301116,0.0016427499188301116
56,0.1228504754184943,0.12444026887593482,0.001589793457440522,0.001589793457440522
125,0.293411316579395,0.29184270060005385,-0.0015686159793411592,0.0015686159793411592
17,0.5097087378640777,0.5085470085470085,-0.001161729317069149,0.001161729317069149
2,0.19573646857770408,0.19679381858445713,0.001057350006753055,0.001057350006753055
216,0.002066115702479339,0.0027247956403269754,0.0006586799378476365,0.0006586799378476365
9,0.02615159496634475,0.026796123854947385,0.0006445288886026343,0.0006445288886026343
111,0.24461728747443032,0.24398244146143305,-0.0006348460129972644,0.0006348460129972644
19,0.007028879207676876,0.007526201886532056,0.0004973226788551801,0.0004973226788551801
175,0.05360417139828903,0.05314580004327527,-0.00045837135501376053,0.00045837135501376053
124,0.00408559598483724,0.004536015181415002,0.0004504191965777615,0.0004504191965777615
93,0.5,0.5,0.0,0.0
13,0.007920330004542155,0.007920330004542155,0.0,0.0
44,0.002513338261005369,0.002513338261005369,0.0,0.0
22,0.0017123287671232876,0.0017123287671232876,0.0,0.0
31,0.0007686395080707148,0.0007686395080707148,0.0,0.0
